INSERT INTO APP.ADDRESS (CITY, STREET) VALUES ('Detroit', 'Paper st.');
INSERT INTO APP.ADDRESS (CITY, STREET) VALUES ('Boston', 'Green ave.');
INSERT INTO APP.ADDRESS (CITY, STREET) VALUES ('New York', 'Main st.');
INSERT INTO APP.ADDRESS (CITY, STREET) VALUES ('Montgomery', 'Maple st.');
INSERT INTO APP.ADDRESS (CITY, STREET) VALUES ('Juneau', 'Main st.');
INSERT INTO APP.ADDRESS (CITY, STREET) VALUES ('Phoenix', 'Central st.');
INSERT INTO APP.ADDRESS (CITY, STREET) VALUES ('Little Rock', 'State ave.');
INSERT INTO APP.ADDRESS (CITY, STREET) VALUES ('Sacramento', 'Elm st.');
INSERT INTO APP.ADDRESS (CITY, STREET) VALUES ('Denver', 'Oak st.');
INSERT INTO APP.ADDRESS (CITY, STREET) VALUES ('Hartford', 'Walnut st.');
INSERT INTO APP.ADDRESS (CITY, STREET) VALUES ('Dover', 'Taylor st.');
INSERT INTO APP.ADDRESS (CITY, STREET) VALUES ('Tallahassee', 'Wood st.');
INSERT INTO APP.ADDRESS (CITY, STREET) VALUES ('Atlanta', 'Park ave.');
INSERT INTO APP.ADDRESS (CITY, STREET) VALUES ('Honolulu', 'Poplar st.');
INSERT INTO APP.ADDRESS (CITY, STREET) VALUES ('Boise', 'Spruce st.');
INSERT INTO APP.ADDRESS (CITY, STREET) VALUES ('Springfield', 'Laurel st.');
INSERT INTO APP.ADDRESS (CITY, STREET) VALUES ('Indianapolis', 'Douglas st.');
INSERT INTO APP.ADDRESS (CITY, STREET) VALUES ('Des Moines', 'Taft st.');
INSERT INTO APP.ADDRESS (CITY, STREET) VALUES ('Denver', 'Oak drive');
INSERT INTO APP.ADDRESS (CITY, STREET) VALUES ('Miami', 'Wiliams st.');
INSERT INTO APP.ADDRESS (CITY, STREET) VALUES ('New York', 'Oak drive');
INSERT INTO APP.ADDRESS (CITY, STREET) VALUES ('Boston', 'Green ave.');
INSERT INTO APP.ADDRESS (CITY, STREET) VALUES ('Montgomery', 'Maple st.');
INSERT INTO APP.ADDRESS (CITY, STREET) VALUES ('Phoenix', 'Central st.');
INSERT INTO APP.ADDRESS (CITY, STREET) VALUES ('Hartford', 'Walnut st.');

INSERT INTO APP.SELLER (ADDRESS, DTYPE) VALUES (1, 'LegalSeller');
INSERT INTO APP.SELLER (ADDRESS, DTYPE) VALUES (2, 'IndividualSeller');
INSERT INTO APP.SELLER (ADDRESS, DTYPE) VALUES (3, 'LegalSeller');
INSERT INTO APP.SELLER (ADDRESS, DTYPE) VALUES (4, 'IndividualSeller');
INSERT INTO APP.SELLER (ADDRESS, DTYPE) VALUES (5, 'LegalSeller');
INSERT INTO APP.SELLER (ADDRESS, DTYPE) VALUES (6, 'IndividualSeller');
INSERT INTO APP.SELLER (ADDRESS, DTYPE) VALUES (7, 'LegalSeller');
INSERT INTO APP.SELLER (ADDRESS, DTYPE) VALUES (8, 'IndividualSeller');
INSERT INTO APP.SELLER (ADDRESS, DTYPE) VALUES (9, 'LegalSeller');
INSERT INTO APP.SELLER (ADDRESS, DTYPE) VALUES (10, 'IndividualSeller');
INSERT INTO APP.SELLER (ADDRESS, DTYPE) VALUES (11, 'LegalSeller');
INSERT INTO APP.SELLER (ADDRESS, DTYPE) VALUES (12, 'IndividualSeller');
INSERT INTO APP.SELLER (ADDRESS, DTYPE) VALUES (13, 'LegalSeller');
INSERT INTO APP.SELLER (ADDRESS, DTYPE) VALUES (14, 'IndividualSeller');
INSERT INTO APP.SELLER (ADDRESS, DTYPE) VALUES (15, 'LegalSeller');
INSERT INTO APP.SELLER (ADDRESS, DTYPE) VALUES (16, 'IndividualSeller');
INSERT INTO APP.SELLER (ADDRESS, DTYPE) VALUES (17, 'LegalSeller');
INSERT INTO APP.SELLER (ADDRESS, DTYPE) VALUES (18, 'IndividualSeller');
INSERT INTO APP.SELLER (ADDRESS, DTYPE) VALUES (19, 'LegalSeller');
INSERT INTO APP.SELLER (ADDRESS, DTYPE) VALUES (20, 'IndividualSeller');
INSERT INTO APP.SELLER (ADDRESS, DTYPE) VALUES (21, 'LegalSeller');
INSERT INTO APP.SELLER (ADDRESS, DTYPE) VALUES (22, 'IndividualSeller');
INSERT INTO APP.SELLER (ADDRESS, DTYPE) VALUES (23, 'LegalSeller');
INSERT INTO APP.SELLER (ADDRESS, DTYPE) VALUES (24, 'IndividualSeller');
INSERT INTO APP.SELLER (ADDRESS, DTYPE) VALUES (25, 'LegalSeller');

INSERT INTO APP.INDIVIDUALSELLER(ID, FIRSTNAME, LASTNAME) VALUES (2, 'Alex', 'Smith');
INSERT INTO APP.INDIVIDUALSELLER(ID, FIRSTNAME, LASTNAME) VALUES (4, 'John', 'Doe');
INSERT INTO APP.INDIVIDUALSELLER(ID, FIRSTNAME, LASTNAME) VALUES (6, 'George', 'Klauss');
INSERT INTO APP.INDIVIDUALSELLER(ID, FIRSTNAME, LASTNAME) VALUES (8, 'Paul', 'McGregor');
INSERT INTO APP.INDIVIDUALSELLER(ID, FIRSTNAME, LASTNAME) VALUES (10, 'Mary', 'Rents');
INSERT INTO APP.INDIVIDUALSELLER(ID, FIRSTNAME, LASTNAME) VALUES (12, 'Alice', 'Dufresne');
INSERT INTO APP.INDIVIDUALSELLER(ID, FIRSTNAME, LASTNAME) VALUES (14, 'Kate', 'Morgan');
INSERT INTO APP.INDIVIDUALSELLER(ID, FIRSTNAME, LASTNAME) VALUES (16, 'Robert', 'Schwimmer');
INSERT INTO APP.INDIVIDUALSELLER(ID, FIRSTNAME, LASTNAME) VALUES (18, 'Jack', 'Butch');
INSERT INTO APP.INDIVIDUALSELLER(ID, FIRSTNAME, LASTNAME) VALUES (20, 'William', 'Bing');
INSERT INTO APP.INDIVIDUALSELLER(ID, FIRSTNAME, LASTNAME) VALUES (22, 'Helen', 'Cooper');
INSERT INTO APP.INDIVIDUALSELLER(ID, FIRSTNAME, LASTNAME) VALUES (24, 'Jane', 'Marcus');

INSERT INTO APP.LEGALSELLER(ID, COMPANYNAME) VALUES (1, 'AutoTrade Inc.');
INSERT INTO APP.LEGALSELLER(ID, COMPANYNAME) VALUES (3, 'Car Service');
INSERT INTO APP.LEGALSELLER(ID, COMPANYNAME) VALUES (5, 'Mobil Trading');
INSERT INTO APP.LEGALSELLER(ID, COMPANYNAME) VALUES (7, 'Auto House');
INSERT INTO APP.LEGALSELLER(ID, COMPANYNAME) VALUES (9, 'Buy&Enjoy');
INSERT INTO APP.LEGALSELLER(ID, COMPANYNAME) VALUES (11, 'Jack''s garage');
INSERT INTO APP.LEGALSELLER(ID, COMPANYNAME) VALUES (13, 'Auto Shop');
INSERT INTO APP.LEGALSELLER(ID, COMPANYNAME) VALUES (15, 'Premier Auto');
INSERT INTO APP.LEGALSELLER(ID, COMPANYNAME) VALUES (17, 'Auto Galaxy');
INSERT INTO APP.LEGALSELLER(ID, COMPANYNAME) VALUES (19, 'Japan Cars America');
INSERT INTO APP.LEGALSELLER(ID, COMPANYNAME) VALUES (21, 'Used Cars Market');
INSERT INTO APP.LEGALSELLER(ID, COMPANYNAME) VALUES (23, 'Wheels of Destiny');
INSERT INTO APP.LEGALSELLER(ID, COMPANYNAME) VALUES (25, 'Bells and Whistles');

INSERT INTO APP.MODEL (MODEL, MAKE) VALUES ('Mustang', 'Ford');
INSERT INTO APP.MODEL (MODEL, MAKE) VALUES ('Almera', 'Nissan');
INSERT INTO APP.MODEL (MODEL, MAKE) VALUES ('Yukon', 'GMC');
INSERT INTO APP.MODEL (MODEL, MAKE) VALUES ('Lumina LS', 'Chevrolet');
INSERT INTO APP.MODEL (MODEL, MAKE) VALUES ('190-Series', 'Mercedes-Benz');
INSERT INTO APP.MODEL (MODEL, MAKE) VALUES ('F-350', 'Ford');
INSERT INTO APP.MODEL (MODEL, MAKE) VALUES ('550i', 'BMW');
INSERT INTO APP.MODEL (MODEL, MAKE) VALUES ('560SE', 'Mercedes-Benz');
INSERT INTO APP.MODEL (MODEL, MAKE) VALUES ('Jetta', 'Volkswagen');
INSERT INTO APP.MODEL (MODEL, MAKE) VALUES ('Tacoma', 'Toyota');
INSERT INTO APP.MODEL (MODEL, MAKE) VALUES ('Armada', 'Nissan');
INSERT INTO APP.MODEL (MODEL, MAKE) VALUES ('Tundra', 'Subaru');
INSERT INTO APP.MODEL (MODEL, MAKE) VALUES ('Sebring', 'Chrysler');
INSERT INTO APP.MODEL (MODEL, MAKE) VALUES ('Windstar', 'Ford');
INSERT INTO APP.MODEL (MODEL, MAKE) VALUES ('Grand Cherokee', 'Jeep');
INSERT INTO APP.MODEL (MODEL, MAKE) VALUES ('Sequoia', 'Toyota');
INSERT INTO APP.MODEL (MODEL, MAKE) VALUES ('Silverado', 'Chevrolet');
INSERT INTO APP.MODEL (MODEL, MAKE) VALUES ('Ranger', 'Ford');
INSERT INTO APP.MODEL (MODEL, MAKE) VALUES ('Celica', 'Toyota');
INSERT INTO APP.MODEL (MODEL, MAKE) VALUES ('Integra', 'Acura');
INSERT INTO APP.MODEL (MODEL, MAKE) VALUES ('Wrangler', 'Jeep');
INSERT INTO APP.MODEL (MODEL, MAKE) VALUES ('Corvette', 'Chevrolet');
INSERT INTO APP.MODEL (MODEL, MAKE) VALUES ('Mustang', 'Ford');
INSERT INTO APP.MODEL (MODEL, MAKE) VALUES ('Legacy Outback', 'Subaru');
INSERT INTO APP.MODEL (MODEL, MAKE) VALUES ('Beetle', 'Volkswagen');
INSERT INTO APP.MODEL (MODEL, MAKE) VALUES ('Sebring', 'Chrysler');
INSERT INTO APP.MODEL (MODEL, MAKE) VALUES ('Equinox', 'Chevrolet');
INSERT INTO APP.MODEL (MODEL, MAKE) VALUES ('Prius', 'Toyota');
INSERT INTO APP.MODEL (MODEL, MAKE) VALUES ('X-Type', 'Jaguar');
INSERT INTO APP.MODEL (MODEL, MAKE) VALUES ('Jetta', 'Volkswagen');
INSERT INTO APP.MODEL (MODEL, MAKE) VALUES ('Suburban', 'GMC');
INSERT INTO APP.MODEL (MODEL, MAKE) VALUES ('Caravan', 'Dodge');
INSERT INTO APP.MODEL (MODEL, MAKE) VALUES ('GTO', 'Pontiac');
INSERT INTO APP.MODEL (MODEL, MAKE) VALUES ('Cube track', 'Chevrolet');
INSERT INTO APP.MODEL (MODEL, MAKE) VALUES ('XC90', 'Volvo');
INSERT INTO APP.MODEL (MODEL, MAKE) VALUES ('Cherokee', 'Jeep');
INSERT INTO APP.MODEL (MODEL, MAKE) VALUES ('Firebird', 'Pontiac');
INSERT INTO APP.MODEL (MODEL, MAKE) VALUES ('F-150', 'Ford');
INSERT INTO APP.MODEL (MODEL, MAKE) VALUES ('Contiental', 'Lincoln');
INSERT INTO APP.MODEL (MODEL, MAKE) VALUES ('Navigation', 'Cadillac');

INSERT INTO APP.FEATURES (BODYTYPE, FUEL, TRANSMISSION, EXTERIORCOLOR, INTERIORCOLOR, ENGINE) VALUES ('SEDAN', 'DIESEL', 'AUTOMATIC', 'BLACK', 'GRAY', 'DIESEL');
INSERT INTO APP.FEATURES (BODYTYPE, FUEL, TRANSMISSION, EXTERIORCOLOR, INTERIORCOLOR, ENGINE) VALUES ('SEDAN', 'A95', 'MECHANIC', 'GREEN', 'BROWN', 'V8');
INSERT INTO APP.FEATURES (BODYTYPE, FUEL, TRANSMISSION, EXTERIORCOLOR, INTERIORCOLOR, ENGINE) VALUES ('SEDAN', 'A80', 'AUTOMATIC', 'black', 'black', 'V8');
INSERT INTO APP.FEATURES (BODYTYPE, FUEL, TRANSMISSION, EXTERIORCOLOR, INTERIORCOLOR, ENGINE) VALUES ('SEDAN', 'A92', 'SEMIAUTOMATIC', 'white', 'gray', 'V8');
INSERT INTO APP.FEATURES (BODYTYPE, FUEL, TRANSMISSION, EXTERIORCOLOR, INTERIORCOLOR, ENGINE) VALUES ('SEDAN', 'A95', 'AUTOMATIC', 'black', 'gray', 'V8');
INSERT INTO APP.FEATURES (BODYTYPE, FUEL, TRANSMISSION, EXTERIORCOLOR, INTERIORCOLOR, ENGINE) VALUES ('SEDAN', 'DIESEL', 'MECHANIC', 'brown', 'black', 'DIESEL');
INSERT INTO APP.FEATURES (BODYTYPE, FUEL, TRANSMISSION, EXTERIORCOLOR, INTERIORCOLOR, ENGINE) VALUES ('SEDAN', 'A95', 'MECHANIC', 'GREEN', 'BROWN', 'V8');
INSERT INTO APP.FEATURES (BODYTYPE, FUEL, TRANSMISSION, EXTERIORCOLOR, INTERIORCOLOR, ENGINE) VALUES ('SEDAN', 'A95', 'MECHANIC', 'GREEN', 'BROWN', 'V8');
INSERT INTO APP.FEATURES (BODYTYPE, FUEL, TRANSMISSION, EXTERIORCOLOR, INTERIORCOLOR, ENGINE) VALUES ('SEDAN', 'A95', 'MECHANIC', 'GREEN', 'BROWN', 'V8');
INSERT INTO APP.FEATURES (BODYTYPE, FUEL, TRANSMISSION, EXTERIORCOLOR, INTERIORCOLOR, ENGINE) VALUES ('SEDAN', 'A95', 'MECHANIC', 'GREEN', 'BROWN', 'V8');
INSERT INTO APP.FEATURES (BODYTYPE, FUEL, TRANSMISSION, EXTERIORCOLOR, INTERIORCOLOR, ENGINE) VALUES ('SEDAN', 'A92', 'SEMIAUTOMATIC', 'white', 'gray', 'V8');
INSERT INTO APP.FEATURES (BODYTYPE, FUEL, TRANSMISSION, EXTERIORCOLOR, INTERIORCOLOR, ENGINE) VALUES ('SEDAN', 'A95', 'AUTOMATIC', 'black', 'gray', 'V8');
INSERT INTO APP.FEATURES (BODYTYPE, FUEL, TRANSMISSION, EXTERIORCOLOR, INTERIORCOLOR, ENGINE) VALUES ('SEDAN', 'A95', 'AUTOMATIC', 'black', 'gray', 'V8');
INSERT INTO APP.FEATURES (BODYTYPE, FUEL, TRANSMISSION, EXTERIORCOLOR, INTERIORCOLOR, ENGINE) VALUES ('SEDAN', 'A95', 'AUTOMATIC', 'black', 'gray', 'V8');
INSERT INTO APP.FEATURES (BODYTYPE, FUEL, TRANSMISSION, EXTERIORCOLOR, INTERIORCOLOR, ENGINE) VALUES ('SEDAN', 'A95', 'AUTOMATIC', 'black', 'gray', 'V8');
INSERT INTO APP.FEATURES (BODYTYPE, FUEL, TRANSMISSION, EXTERIORCOLOR, INTERIORCOLOR, ENGINE) VALUES ('HATCHBACK', 'A80', 'AUTOMATIC', 'GRAY', 'GRAY', 'V4');
INSERT INTO APP.FEATURES (BODYTYPE, FUEL, TRANSMISSION, EXTERIORCOLOR, INTERIORCOLOR, ENGINE) VALUES ('HATCHBACK', 'A80', 'AUTOMATIC', 'GRAY', 'GRAY', 'V4');
INSERT INTO APP.FEATURES (BODYTYPE, FUEL, TRANSMISSION, EXTERIORCOLOR, INTERIORCOLOR, ENGINE) VALUES ('HATCHBACK', 'A80', 'AUTOMATIC', 'GRAY', 'GRAY', 'V4');
INSERT INTO APP.FEATURES (BODYTYPE, FUEL, TRANSMISSION, EXTERIORCOLOR, INTERIORCOLOR, ENGINE) VALUES ('HATCHBACK', 'A80', 'AUTOMATIC', 'GRAY', 'GRAY', 'V4');
INSERT INTO APP.FEATURES (BODYTYPE, FUEL, TRANSMISSION, EXTERIORCOLOR, INTERIORCOLOR, ENGINE) VALUES ('HATCHBACK', 'A80', 'AUTOMATIC', 'GRAY', 'GRAY', 'V4');
INSERT INTO APP.FEATURES (BODYTYPE, FUEL, TRANSMISSION, EXTERIORCOLOR, INTERIORCOLOR, ENGINE) VALUES ('SEDAN', 'DIESEL', 'AUTOMATIC', 'BLACK', 'GRAY', 'DIESEL');
INSERT INTO APP.FEATURES (BODYTYPE, FUEL, TRANSMISSION, EXTERIORCOLOR, INTERIORCOLOR, ENGINE) VALUES ('SEDAN', 'DIESEL', 'AUTOMATIC', 'BLACK', 'GRAY', 'DIESEL');
INSERT INTO APP.FEATURES (BODYTYPE, FUEL, TRANSMISSION, EXTERIORCOLOR, INTERIORCOLOR, ENGINE) VALUES ('HATCHBACK', 'A92', 'AUTOMATIC', 'BLUE', 'WHITE', 'I4');
INSERT INTO APP.FEATURES (BODYTYPE, FUEL, TRANSMISSION, EXTERIORCOLOR, INTERIORCOLOR, ENGINE) VALUES ('HATCHBACK', 'A92', 'AUTOMATIC', 'BLUE', 'WHITE', 'I4');
INSERT INTO APP.FEATURES (BODYTYPE, FUEL, TRANSMISSION, EXTERIORCOLOR, INTERIORCOLOR, ENGINE) VALUES ('HATCHBACK', 'A92', 'AUTOMATIC', 'BLUE', 'WHITE', 'I4');
INSERT INTO APP.FEATURES (BODYTYPE, FUEL, TRANSMISSION, EXTERIORCOLOR, INTERIORCOLOR, ENGINE) VALUES ('HATCHBACK', 'A92', 'AUTOMATIC', 'BLUE', 'WHITE', 'I4');
INSERT INTO APP.FEATURES (BODYTYPE, FUEL, TRANSMISSION, EXTERIORCOLOR, INTERIORCOLOR, ENGINE) VALUES ('HATCHBACK', 'A92', 'AUTOMATIC', 'BLUE', 'WHITE', 'I4');
INSERT INTO APP.FEATURES (BODYTYPE, FUEL, TRANSMISSION, EXTERIORCOLOR, INTERIORCOLOR, ENGINE) VALUES ('SEDAN', 'A95', 'MECHANIC', 'BLACK', 'GRAY', 'V6');
INSERT INTO APP.FEATURES (BODYTYPE, FUEL, TRANSMISSION, EXTERIORCOLOR, INTERIORCOLOR, ENGINE) VALUES ('SEDAN', 'A95', 'MECHANIC', 'BLACK', 'GRAY', 'V6');
INSERT INTO APP.FEATURES (BODYTYPE, FUEL, TRANSMISSION, EXTERIORCOLOR, INTERIORCOLOR, ENGINE) VALUES ('SEDAN', 'A95', 'MECHANIC', 'BLACK', 'GRAY', 'V6');
INSERT INTO APP.FEATURES (BODYTYPE, FUEL, TRANSMISSION, EXTERIORCOLOR, INTERIORCOLOR, ENGINE) VALUES ('SEDAN', 'A95', 'MECHANIC', 'BLACK', 'GRAY', 'V6');
INSERT INTO APP.FEATURES (BODYTYPE, FUEL, TRANSMISSION, EXTERIORCOLOR, INTERIORCOLOR, ENGINE) VALUES ('SEDAN', 'A95', 'MECHANIC', 'BLACK', 'GRAY', 'V6');
INSERT INTO APP.FEATURES (BODYTYPE, FUEL, TRANSMISSION, EXTERIORCOLOR, INTERIORCOLOR, ENGINE) VALUES ('SEDAN', 'DIESEL', 'MECHANIC', 'GRAY', 'BLACK', 'DIESEL');
INSERT INTO APP.FEATURES (BODYTYPE, FUEL, TRANSMISSION, EXTERIORCOLOR, INTERIORCOLOR, ENGINE) VALUES ('HATCHBACK', 'A80', 'MECHANIC', 'ORANGE', 'BLACK', 'V8');
INSERT INTO APP.FEATURES (BODYTYPE, FUEL, TRANSMISSION, EXTERIORCOLOR, INTERIORCOLOR, ENGINE) VALUES ('HATCHBACK', 'A80', 'AUTOMATIC', 'GRAY', 'GRAY', 'V4');
INSERT INTO APP.FEATURES (BODYTYPE, FUEL, TRANSMISSION, EXTERIORCOLOR, INTERIORCOLOR, ENGINE) VALUES ('SEDAN', 'DIESEL', 'AUTOMATIC', 'BLACK', 'GRAY', 'DIESEL');
INSERT INTO APP.FEATURES (BODYTYPE, FUEL, TRANSMISSION, EXTERIORCOLOR, INTERIORCOLOR, ENGINE) VALUES ('SEDAN', 'A95', 'MECHANIC', 'WHITE', 'GRAY', 'I6');
INSERT INTO APP.FEATURES (BODYTYPE, FUEL, TRANSMISSION, EXTERIORCOLOR, INTERIORCOLOR, ENGINE) VALUES ('HATCHBACK', 'A92', 'AUTOMATIC', 'BLUE', 'WHITE', 'I4');
INSERT INTO APP.FEATURES (BODYTYPE, FUEL, TRANSMISSION, EXTERIORCOLOR, INTERIORCOLOR, ENGINE) VALUES ('SEDAN', 'A95', 'MECHANIC', 'BLACK', 'GRAY', 'V6');
INSERT INTO APP.FEATURES (BODYTYPE, FUEL, TRANSMISSION, EXTERIORCOLOR, INTERIORCOLOR, ENGINE) VALUES ('SEDAN', 'DIESEL', 'MECHANIC', 'GRAY', 'BLACK', 'DIESEL');

INSERT INTO APP.CAR (MODEL, PRICE, MILEAGE, VIN, CONDITION, FEATURES, SELLER) VALUES (1, 26500.0, 45000, 'DDSWEEDKFR7451RHJAD2', 'USED', 1, 1);
INSERT INTO APP.CAR (MODEL, PRICE, MILEAGE, VIN, CONDITION, FEATURES, SELLER) VALUES (2, 13000.0, 1000,  'RIRTFDKLJDVVDE4894EF', 'NEW',  2, 2);
INSERT INTO APP.CAR (MODEL, PRICE, MILEAGE, VIN, CONDITION, FEATURES, SELLER) VALUES (3, 2600.0, 100000, 'FJASDKLFJWEJFEW89375', 'USED', 3, 3);
INSERT INTO APP.CAR (MODEL, PRICE, MILEAGE, VIN, CONDITION, FEATURES, SELLER) VALUES (4, 4500.0, 145000, 'ASDFVNEJIE353RESJKDF', 'USED', 4, 4);
INSERT INTO APP.CAR (MODEL, PRICE, MILEAGE, VIN, CONDITION, FEATURES, SELLER) VALUES (5, 10000.0, 500,   'ALEIU3U38AWEFOAISDF5', 'NEW',  6, 5);
INSERT INTO APP.CAR (MODEL, PRICE, MILEAGE, VIN, CONDITION, FEATURES, SELLER) VALUES (6, 1600.0, 230000, 'AWFJ90RIOJGFIJEIWEJI', 'USED', 7, 6);
INSERT INTO APP.CAR (MODEL, PRICE, MILEAGE, VIN, CONDITION, FEATURES, SELLER) VALUES (7, 5400.0, 142142, 'MBDFKNISDFBURIERGHFG', 'USED', 8, 7);
INSERT INTO APP.CAR (MODEL, PRICE, MILEAGE, VIN, CONDITION, FEATURES, SELLER) VALUES (8, 19305.0, 100,   'FEGAH4AH34GFH34YHARE', 'NEW',  9, 8);
INSERT INTO APP.CAR (MODEL, PRICE, MILEAGE, VIN, CONDITION, FEATURES, SELLER) VALUES (9, 7540.0, 252200, 'GFMFGP5095JDKYHWJHJ2', 'USED', 10, 9);
INSERT INTO APP.CAR (MODEL, PRICE, MILEAGE, VIN, CONDITION, FEATURES, SELLER) VALUES (10, 12125.0, 1242, 'DGHMDTY548E5Y345ERGAF', 'USED', 11, 10);
INSERT INTO APP.CAR (MODEL, PRICE, MILEAGE, VIN, CONDITION, FEATURES, SELLER) VALUES (11, 15000.0, 541,   'JIOTRHJBGDUZBGE74Q3Y', 'NEW', 12, 11);
INSERT INTO APP.CAR (MODEL, PRICE, MILEAGE, VIN, CONDITION, FEATURES, SELLER) VALUES (12, 5400.0, 200110, 'USIERU343A3KSDTKRTRT', 'USED', 13, 12);
INSERT INTO APP.CAR (MODEL, PRICE, MILEAGE, VIN, CONDITION, FEATURES, SELLER) VALUES (13, 7000.0, 221041, 'SGAW4EGHIAGNASBNSDDF', 'USED', 14, 13);
INSERT INTO APP.CAR (MODEL, PRICE, MILEAGE, VIN, CONDITION, FEATURES, SELLER) VALUES (14, 25000.0, 352,   'AHRUIEHT4834QHDSKTHA', 'NEW', 15, 14);
INSERT INTO APP.CAR (MODEL, PRICE, MILEAGE, VIN, CONDITION, FEATURES, SELLER) VALUES (15, 17000.0, 54800, 'AW4UTHA938HTRHTAK5ET', 'USED', 16, 15);
INSERT INTO APP.CAR (MODEL, PRICE, MILEAGE, VIN, CONDITION, FEATURES, SELLER) VALUES (16, 13000.0, 65000, 'AGNDFJKGNA4YIGT2TA3K', 'USED', 17, 16);
INSERT INTO APP.CAR (MODEL, PRICE, MILEAGE, VIN, CONDITION, FEATURES, SELLER) VALUES (17, 25000.0, 251,   'GAAKLBNAOIRTH4U3TSD2', 'NEW', 18, 17);
INSERT INTO APP.CAR (MODEL, PRICE, MILEAGE, VIN, CONDITION, FEATURES, SELLER) VALUES (18, 14000.0, 99000, 'AGBNIO4ATBABGU74GSDT', 'USED', 19, 18);
INSERT INTO APP.CAR (MODEL, PRICE, MILEAGE, VIN, CONDITION, FEATURES, SELLER) VALUES (19, 9000.0, 85000,  'FAG349THQHNAUITAOITR', 'USED', 20, 19);
INSERT INTO APP.CAR (MODEL, PRICE, MILEAGE, VIN, CONDITION, FEATURES, SELLER) VALUES (20, 7500.0, 120400, 'GAKLGNAIOERNGAGNAEW1', 'USED', 21, 20);
INSERT INTO APP.CAR (MODEL, PRICE, MILEAGE, VIN, CONDITION, FEATURES, SELLER) VALUES (21, 6800.0, 70000,  'NVAOEWTDSGADS4TW3TRE', 'USED', 22, 21);
INSERT INTO APP.CAR (MODEL, PRICE, MILEAGE, VIN, CONDITION, FEATURES, SELLER) VALUES (22, 18200.0, 600,   'ASDGBERA434TYDFGHAER', 'NEW', 23, 22);
INSERT INTO APP.CAR (MODEL, PRICE, MILEAGE, VIN, CONDITION, FEATURES, SELLER) VALUES (23, 4000.0, 50000,  'AWEG4HTRJSGFHBXHEAR0', 'USED', 24, 23);
INSERT INTO APP.CAR (MODEL, PRICE, MILEAGE, VIN, CONDITION, FEATURES, SELLER) VALUES (24, 5400.0, 20000,  'A4YH34YRDH5YSARHAJAQ', 'USED', 25, 24);
INSERT INTO APP.CAR (MODEL, PRICE, MILEAGE, VIN, CONDITION, FEATURES, SELLER) VALUES (25, 42100.0, 210,   'TJFGJSR5USHS5HSHAWHD', 'NEW', 26, 25);
INSERT INTO APP.CAR (MODEL, PRICE, MILEAGE, VIN, CONDITION, FEATURES, SELLER) VALUES (26, 32500.0, 10000, 'H45HJ56JSGNWBS5HENSA', 'USED', 27, 1);
INSERT INTO APP.CAR (MODEL, PRICE, MILEAGE, VIN, CONDITION, FEATURES, SELLER) VALUES (27, 8800.0, 110000, 'E5UTJSNSJSARTUAQJASF', 'USED', 28, 2);
INSERT INTO APP.CAR (MODEL, PRICE, MILEAGE, VIN, CONDITION, FEATURES, SELLER) VALUES (28, 25400.0, 12,    'AHA4HAJGFJSUASJW45UH', 'NEW', 29, 3);
INSERT INTO APP.CAR (MODEL, PRICE, MILEAGE, VIN, CONDITION, FEATURES, SELLER) VALUES (29, 21000.75, 32000, 'MMDNMXGFHJ45U658DFJX', 'USED', 30, 4);
INSERT INTO APP.CAR (MODEL, PRICE, MILEAGE, VIN, CONDITION, FEATURES, SELLER) VALUES (30, 9999.99, 145020, 'MDGHMD6S46UIDKXGFJSW', 'USED', 31, 5);
INSERT INTO APP.CAR (MODEL, PRICE, MILEAGE, VIN, CONDITION, FEATURES, SELLER) VALUES (31, 19000.0, 552,   'JSDFMCVGH56IDTYDKJS56', 'NEW', 32, 6);
INSERT INTO APP.CAR (MODEL, PRICE, MILEAGE, VIN, CONDITION, FEATURES, SELLER) VALUES (32, 22000.0, 170000, 'DGYKYUU64JEJKSTY45SRT', 'USED', 33, 7);
INSERT INTO APP.CAR (MODEL, PRICE, MILEAGE, VIN, CONDITION, FEATURES, SELLER) VALUES (33, 65000.0, 168000, 'JDTKCGK6IKSA5WKW56KST', 'USED', 34, 8);
INSERT INTO APP.CAR (MODEL, PRICE, MILEAGE, VIN, CONDITION, FEATURES, SELLER) VALUES (34, 4100.0, 169442,  'JDGFJSDFJS5U6IEI5665T', 'USED', 35, 9);
INSERT INTO APP.CAR (MODEL, PRICE, MILEAGE, VIN, CONDITION, FEATURES, SELLER) VALUES (35, 75000.0, 120,    'SR5DTYKGHKOUYLFULDFDG', 'NEW', 36, 10);
INSERT INTO APP.CAR (MODEL, PRICE, MILEAGE, VIN, CONDITION, FEATURES, SELLER) VALUES (36, 26000.0, 32110,  'J7K7KEKEKEYI6UE6UE6U5', 'USED', 37, 11);
INSERT INTO APP.CAR (MODEL, PRICE, MILEAGE, VIN, CONDITION, FEATURES, SELLER) VALUES (37, 14500.0, 45051,  'BNCVBRTMHSAYHAERHS450', 'USED', 38, 12);
INSERT INTO APP.CAR (MODEL, PRICE, MILEAGE, VIN, CONDITION, FEATURES, SELLER) VALUES (38, 23560.0, 63210,  'AGGNHMHGKDJDYKDKDGHSG', 'USED', 39, 13);
INSERT INTO APP.CAR (MODEL, PRICE, MILEAGE, VIN, CONDITION, FEATURES, SELLER) VALUES (39, 5420.0, 85000,   'AERYQ346YRHXGFJTYSDI7', 'USED', 40, 14);
INSERT INTO APP.CAR (MODEL, PRICE, MILEAGE, VIN, CONDITION, FEATURES, SELLER) VALUES (40, 11000.0, 64100,  'SHTRDJ455QHWERHJSHSER', 'USED', 5, 15);
